{
   "category" : "riddlechests:jeopardy/literature",
   "lang" : "en_us",
   "original" : "MRTUQIAGZ",
   "riddle" : [
      "Literature",
      "",
      "Hamlet's most famous one of these",
      "speeches includes the following",
      "linesWhether tis' nobler in the mind to",
      "suffer the slings & arrows of outrageous",
      "fortune, or to take arms against a sea",
      "of troubles & by opposing..."
   ],
   "solution" : "SOLILOQUY",
   "type" : "riddlechests:word"
}
